global_idx,file_idx,config_idx,dphase_x_deg,dphase_y_deg,rmse_db,mae_db,max_abs_err_db,pearson_r,peak_dir_err_deg
2,1,2,4.872079,52.094513,0.2135189175605774,0.1344248205423355,3.7505645751953125,0.9998286720837031,0.2755363881587982
3,1,3,179.131355,-37.988015,0.3844849467277527,0.2550940215587616,12.379074096679688,0.9992053054248495,2.1648266315460205
4,1,4,-72.558717,82.36765,0.2419040948152542,0.15524223446846008,7.341815948486328,0.999657014595785,1.142095685005188
5,1,5,-135.248611,-33.193099,0.25058627128601074,0.16837091743946075,8.605888366699219,0.9996291692914209,1.221252202987671
21,1,21,-98.804042,-11.398092,0.25751593708992004,0.15052936971187592,8.292667388916016,0.9996283113579477,1.0598021745681763
31,1,31,60.043115,-146.318955,0.2172672003507614,0.15174540877342224,3.8730430603027344,0.9997314687376099,0.0
36,1,36,-61.521139,81.642018,0.23049025237560272,0.1532701849937439,4.204498291015625,0.9997025306543553,1.000146508216858
48,1,48,-15.977503,12.167586,0.20457769930362701,0.1336977630853653,7.41375732421875,0.999859067574508,0.9398279190063477
49,1,49,-56.390817,-74.219811,0.21390703320503235,0.14230459928512573,3.2982330322265625,0.9997730728340463,2.000075578689575
56,2,6,-113.440246,27.663023,0.20684894919395447,0.1420053392648697,6.442478179931641,0.9997552976605556,1.1776931285858154
58,2,8,24.15775,53.382993,0.22029875218868256,0.13114674389362335,7.654582977294922,0.9998035020072172,0.3083765506744385
75,2,25,95.200439,-83.96664,0.2583850920200348,0.17209039628505707,9.072124481201172,0.9995992401009565,0.0
79,2,29,36.559104,-177.827839,0.2829256057739258,0.20671825110912323,11.79367446899414,0.9995694605754741,0.8190053701400757
84,2,34,-71.502807,105.309488,0.2047174870967865,0.14178524911403656,4.782417297363281,0.9997184081492435,2.096578359603882
90,2,40,92.365213,146.245749,0.25658172369003296,0.16753017902374268,9.443218231201172,0.9995199359582176,1.289374589920044
98,2,48,12.882077,-179.822695,0.2527647018432617,0.18286791443824768,2.762622833251953,0.9996156350633286,2.1612071990966797
124,3,24,-15.168996,107.043359,0.2559267282485962,0.1586499661207199,10.63260269165039,0.9996650999213378,0.5297107696533203
168,4,18,-106.498225,1.574883,0.21151751279830933,0.1409633755683899,6.071956634521484,0.9997197561992195,1.5109018087387085
181,4,31,-115.244801,1.578494,0.20946766436100006,0.13817481696605682,4.120311737060547,0.9997065552700384,1.999977707862854
185,4,35,-50.741666,179.086403,0.2030734419822693,0.15214577317237854,2.468555450439453,0.9997394523762638,1.999977707862854
214,5,14,95.57235,1.528732,0.2569279372692108,0.1517031341791153,13.874671936035156,0.999629315855388,0.5000684857368469
223,5,23,68.592819,-176.53214,0.2940846085548401,0.22954653203487396,4.741512298583984,0.9996517553523685,1.3199723958969116
233,5,33,-1.685256,-48.51912,0.2671426236629486,0.1564638614654541,8.20047378540039,0.9997422899375292,1.0349537134170532
245,5,45,-143.510023,-10.135969,0.19372202455997467,0.14093829691410065,4.210731506347656,0.999763501895971,0.0
257,6,7,-75.709259,-160.134014,0.21682974696159363,0.1596437692642212,5.5248870849609375,0.9997212665675073,0.0
295,6,45,82.395064,-137.406664,0.20897522568702698,0.14790233969688416,6.114501953125,0.9997155691056817,1.263155460357666
298,6,48,106.568196,158.584649,0.31050753593444824,0.2079191356897354,9.14715576171875,0.9992392936998717,0.0
315,7,15,124.347181,-59.793112,0.22584381699562073,0.151004821062088,7.778491973876953,0.9996778465331244,1.4143003225326538
347,7,47,66.453757,-37.498909,0.2532649338245392,0.1571997106075287,11.727210998535156,0.9997385352025467,0.7491267919540405
356,8,6,-101.564323,132.355766,0.20146918296813965,0.1403791755437851,11.180858612060547,0.9996894753581997,2.9999613761901855
378,8,28,67.879246,132.858637,0.19029773771762848,0.1349794864654541,2.2629966735839844,0.9997649198347783,1.000146508216858
379,8,29,141.928665,-82.32271,0.20813170075416565,0.15491195023059845,2.3136367797851562,0.9997365160593933,0.0
381,8,31,-131.02321,-104.001945,0.20078237354755402,0.15225212275981903,1.6887168884277344,0.9997011060963471,0.8089084625244141
389,8,39,-175.722062,-42.312212,0.2936704754829407,0.1920984387397766,9.092803955078125,0.9995294062226927,0.9999507665634155
390,8,40,91.083514,33.952058,0.27852949500083923,0.16899827122688293,16.301197052001953,0.9996170844286948,1.499852180480957
415,9,15,46.878872,-122.060742,0.1655629426240921,0.11859915405511856,2.6031036376953125,0.999830827985656,1.000146508216858
417,9,17,-95.876927,-143.427744,0.2716694474220276,0.19121190905570984,5.556880950927734,0.9995234156815834,0.0
431,9,31,11.78549,-124.136474,0.19211414456367493,0.13176238536834717,4.361225128173828,0.9998013382927076,0.6016591787338257
434,9,34,36.1569,138.317277,0.1918354034423828,0.13527065515518188,3.995067596435547,0.999781667584823,0.0
440,9,40,-22.990736,5.6642,0.21032215654850006,0.1406591236591339,4.538204193115234,0.9998552960981711,2.4673585891723633
450,10,0,21.362737,120.192311,0.17968739569187164,0.12326906621456146,2.606525421142578,0.9998061451028133,1.7632521390914917
451,10,1,122.254549,-17.955081,0.1975918710231781,0.14439287781715393,1.966278076171875,0.9997836738556286,2.1898157596588135
471,10,21,125.055484,-130.644588,0.2093968391418457,0.16268640756607056,2.3401870727539062,0.9996840071431932,1.000146508216858
484,10,34,-110.327487,135.693944,0.20920826494693756,0.15264734625816345,5.940853118896484,0.9996500116997835,1.999977707862854
487,10,37,104.49911,-162.588504,0.31394365429878235,0.2260732650756836,3.804534912109375,0.9992769721124228,0.9999507665634155
497,10,47,-98.329205,-141.833427,0.26417356729507446,0.18898731470108032,4.4357757568359375,0.9995324683666301,1.289374589920044
504,11,4,-139.455436,43.559394,0.19841307401657104,0.13797429203987122,3.7259674072265625,0.9997727043346036,1.7619197368621826
505,11,5,-42.372675,-148.10975,0.19702111184597015,0.1429910510778427,4.2331390380859375,0.9997567945432161,1.7219239473342896
522,11,22,88.884368,89.232079,0.23685654997825623,0.1608259677886963,3.6699676513671875,0.9996747751451109,1.1853117942810059
532,11,32,-53.461593,84.095604,0.23192408680915833,0.15307068824768066,3.456157684326172,0.9997011835610282,0.0
534,11,34,126.238866,9.692671,0.19052249193191528,0.1393396109342575,2.923309326171875,0.9997767375868182,1.1923896074295044
541,11,41,-66.36099,-65.862781,0.21596013009548187,0.14558561146259308,3.560131072998047,0.9997760189087076,2.0579495429992676
554,12,4,55.85189,80.095154,0.23527751863002777,0.14703619480133057,6.865009307861328,0.9997107065675819,1.4034662246704102
559,12,9,8.453371,-146.503448,0.2202407866716385,0.15100786089897156,5.8260040283203125,0.9997417354623945,1.2069071531295776
567,12,17,98.958563,-134.012723,0.19602693617343903,0.14781107008457184,3.2390670776367188,0.9997592748272077,1.27625572681427
569,12,19,-36.340012,-163.574412,0.22294960916042328,0.168390154838562,2.6964569091796875,0.9996979778761745,1.000146508216858
570,12,20,79.155138,166.077019,0.2374945878982544,0.16905172169208527,3.2921981811523438,0.9996506200764641,1.301910400390625
571,12,21,156.494616,-74.677144,0.2191312313079834,0.15985755622386932,6.294563293457031,0.99973329777455,1.999977707862854
574,12,24,164.148758,156.471497,0.5023837089538574,0.34126344323158264,8.657752990722656,0.9974745235014261,1.3743005990982056
626,13,26,34.226335,166.472447,0.2077057659626007,0.14433473348617554,2.9886016845703125,0.999699936420867,3.0947792530059814
628,13,28,-13.999048,29.389429,0.22737671434879303,0.1452787220478058,3.8037185668945312,0.99981736159173,0.6946433186531067
640,13,40,-138.949918,77.545189,0.217606782913208,0.15391035377979279,3.8089218139648438,0.9996374431286953,2.5327320098876953
641,13,41,-64.684873,-145.296367,0.2067592889070511,0.1441878229379654,3.072032928466797,0.9997409980171164,2.1294596195220947
666,14,16,60.718965,109.979283,0.22067894041538239,0.14439429342746735,4.230426788330078,0.9996994644097263,1.1705266237258911
668,14,18,-18.871587,166.458927,0.18690276145935059,0.13021880388259888,3.41729736328125,0.9997970205161744,1.000146508216858
669,14,19,-76.23072,-70.894392,0.2342289388179779,0.16265590488910675,3.4317169189453125,0.9997194892924804,2.5268518924713135
678,14,28,95.454789,20.717698,0.22370374202728271,0.1501970887184143,3.088275909423828,0.9997344607764588,1.0300261974334717
681,14,31,-13.680521,-178.910586,0.23072509467601776,0.1634262651205063,8.26498031616211,0.999681965133436,1.927727460861206
687,14,37,10.130827,-106.993849,0.21275432407855988,0.13366715610027313,9.283363342285156,0.9997562110955475,2.0652592182159424
705,15,5,-32.002282,-67.016367,0.21683478355407715,0.14344492554664612,4.467857360839844,0.9997845651263713,0.9999507665634155
717,15,17,-110.638839,-48.549059,0.2745469808578491,0.17954891920089722,6.332263946533203,0.9995934978277046,1.1853117942810059
729,15,29,-20.747441,-63.063941,0.21364697813987732,0.1429271697998047,4.666187286376953,0.9998087717494779,0.6841413378715515
758,16,8,127.492179,19.497028,0.18646468222141266,0.13603678345680237,4.437065124511719,0.9997845293882511,1.660007357597351
772,16,22,-36.705208,42.08766,0.19102762639522552,0.12977516651153564,3.0154266357421875,0.9998560762548234,1.1501203775405884
796,16,46,-13.418494,128.051075,0.18651534616947174,0.12552282214164734,6.105159759521484,0.9998084025990542,1.2309876680374146
828,17,28,-10.536238,44.705957,0.2220103144645691,0.13953916728496552,4.727161407470703,0.999819307354117,1.1034035682678223
844,17,44,-37.46892,102.025509,0.23241543769836426,0.15161944925785065,4.237434387207031,0.9997103842229724,1.0598021745681763
860,18,10,-6.204367,127.434473,0.17928436398506165,0.12306477874517441,2.4522056579589844,0.9998374521042619,0.6151669025421143
861,18,11,-139.681055,-130.168203,0.2570529878139496,0.19147604703903198,5.578529357910156,0.9993874765830749,1.3255939483642578
875,18,25,62.738752,-44.091961,0.26089048385620117,0.16363674402236938,5.541542053222656,0.999719153098081,1.2591211795806885
882,18,32,13.944815,74.107592,0.2164487987756729,0.14249782264232635,3.0468711853027344,0.9997811987719007,1.5222569704055786
894,18,44,98.724518,83.630948,0.19176018238067627,0.1343708634376526,5.986289978027344,0.9997769803085772,1.1923896074295044
904,19,4,-164.74331,38.844485,0.24865925312042236,0.17352868616580963,3.7262420654296875,0.9996505072190567,0.7878302335739136
911,19,11,16.770538,-145.974567,0.2170891910791397,0.1502435803413391,4.949485778808594,0.9997404715080427,1.2069071531295776
915,19,15,46.528134,-16.686012,0.2463768571615219,0.15186239778995514,13.21419906616211,0.9997839134630442,2.016641616821289
929,19,29,-93.979018,-140.978515,0.2763797640800476,0.18914979696273804,11.754165649414062,0.9995167177765433,0.9997551441192627
935,19,35,70.951067,-123.280025,0.20235653221607208,0.14071381092071533,6.500431060791016,0.9997391665730783,0.6943615674972534
938,19,38,102.569299,139.142888,0.1827104538679123,0.13420943915843964,2.34100341796875,0.9997551512680328,1.289374589920044
947,19,47,146.298601,-35.527772,0.20615114271640778,0.14482825994491577,3.202007293701172,0.9997685347287556,0.7316842079162598
949,19,49,-91.525251,-0.243034,0.2521946132183075,0.1653200387954712,3.798625946044922,0.9996522660369226,1.1145201921463013
960,20,10,-130.804144,65.516195,0.1790834665298462,0.12873058021068573,2.980213165283203,0.9997679344488904,1.000146508216858
964,20,14,-125.860746,133.230577,0.20468519628047943,0.15200163424015045,4.575687408447266,0.9996130971017874,1.3140289783477783
967,20,17,69.564088,-125.675336,0.2029973715543747,0.14055800437927246,6.045505523681641,0.9997381553196346,1.000146508216858
986,20,36,74.46994,114.871556,0.20399229228496552,0.14306999742984772,4.235416412353516,0.9997390333681433,0.66910320520401
990,20,40,121.334566,87.134387,0.2471473664045334,0.15807339549064636,6.782539367675781,0.9995608878194765,1.4862208366394043
994,20,44,7.945176,174.558367,0.19311730563640594,0.14800122380256653,2.80523681640625,0.9997708433685962,2.1455745697021484
996,20,46,-87.244793,106.295435,0.19489064812660217,0.13581641018390656,3.196949005126953,0.9997355838402743,1.000146508216858
1001,21,1,-6.341163,-157.371351,0.2045658379793167,0.15108974277973175,2.6522979736328125,0.9997752680554026,1.2354307174682617
1007,21,7,4.795765,-162.849661,0.21387535333633423,0.16301900148391724,2.3007850646972656,0.9997753030389457,1.7816909551620483
1021,21,21,-142.823942,-117.301192,0.2176428735256195,0.16685369610786438,4.1327972412109375,0.9996311047782018,0.8481143116950989
1022,21,22,111.228112,101.961224,0.20114561915397644,0.14511547982692719,5.40472412109375,0.9997037859783342,1.999977707862854
1038,21,38,57.566563,34.873993,0.21512438356876373,0.13397759199142456,6.571750640869141,0.9998053475853982,2.3854830265045166
1047,21,47,103.244225,-126.738965,0.19226650893688202,0.14824020862579346,1.8560371398925781,0.9997515034271036,0.7878302335739136
1054,22,4,40.505233,29.515683,0.2098848819732666,0.13798099756240845,5.179710388183594,0.9998286289178758,1.2814582586288452
1064,22,14,-74.085714,2.867945,0.21714793145656586,0.14610889554023743,3.2545738220214844,0.9997922234126844,0.7491267919540405
1080,22,30,-130.786209,35.090073,0.19869911670684814,0.1412445455789566,4.363155364990234,0.9997720293851263,2.3282651901245117
1087,22,37,42.164812,-137.033675,0.1855645775794983,0.13440586626529694,3.725391387939453,0.9997958793866164,1.2140202522277832
1094,22,44,76.443136,23.543783,0.21486103534698486,0.145538330078125,3.5861968994140625,0.9997838370654647,2.0377845764160156
1102,23,2,83.345082,43.521264,0.2716021239757538,0.158333420753479,9.855293273925781,0.9996550096881504,1.10145103931427
1105,23,5,-44.00768,-47.725264,0.23617194592952728,0.14773187041282654,7.112903594970703,0.9997635924183261,3.0803232192993164
1111,23,11,63.528121,-69.410376,0.24635528028011322,0.15794795751571655,7.5921478271484375,0.9997130754686804,0.01978234015405178
1114,23,14,30.456581,48.960558,0.2221004068851471,0.13153350353240967,7.407886505126953,0.9997993190279459,1.5636043548583984
1127,23,27,59.525412,-89.368365,0.27732953429222107,0.1753966361284256,3.2716140747070312,0.9995926777837564,1.0598021745681763
1131,23,31,91.173258,-63.02919,0.2946963608264923,0.16440491378307343,8.084430694580078,0.9995189498040812,2.0084731578826904
1136,23,36,-122.935434,96.079021,0.1958773285150528,0.1424156278371811,2.1473541259765625,0.9997002253081426,3.102991819381714
1147,23,47,159.693109,-89.335978,0.25058767199516296,0.1783682107925415,8.08017349243164,0.9996529702375448,0.8287432789802551
1163,24,13,52.001807,-50.240449,0.24135929346084595,0.15242858231067657,9.483657836914062,0.9997618911273229,1.2396999597549438
1166,24,16,36.73418,22.844142,0.2108297199010849,0.14214789867401123,8.796638488769531,0.9998389341325578,1.1920613050460815
1181,24,31,-50.018359,-45.217463,0.23318608105182648,0.1469205617904663,4.834590911865234,0.9997775246630517,1.4149919748306274
1184,24,34,-173.873666,124.933665,0.39387843012809753,0.28807350993156433,7.134620666503906,0.9988464210378301,2.08890962600708
1194,24,44,132.539394,177.50835,0.6567400693893433,0.46383732557296753,12.468582153320312,0.9968459452692784,0.9999507665634155
1198,24,48,151.068483,75.695124,0.25954070687294006,0.1690799742937088,10.146247863769531,0.9995572415748701,0.9997551441192627
1209,25,9,-32.726554,-125.539342,0.16470442712306976,0.11301662027835846,2.910816192626953,0.9998306319330393,1.2309876680374146
1214,25,14,72.169239,69.248668,0.23408378660678864,0.15191000699996948,7.051784515380859,0.9997372970079325,1.4034662246704102
1224,25,24,-124.017467,15.924045,0.20103397965431213,0.13559837639331818,5.142677307128906,0.9997472951310166,2.000075578689575
1232,25,32,-86.28704,76.287712,0.3697299659252167,0.17525547742843628,9.195674896240234,0.9992018958849874,3.0555648803710938
1262,26,12,147.388732,69.98761,0.2459721863269806,0.16768929362297058,4.396106719970703,0.999611774574194,1.2697995901107788
1283,26,33,162.595721,-35.894501,0.2412208467721939,0.1707034558057785,4.618690490722656,0.9996751121134821,2.2981433868408203
1290,26,40,98.440425,103.019519,0.23351262509822845,0.14803101122379303,10.217525482177734,0.9996457402092279,0.7072058320045471
1299,26,49,78.53515,-27.015984,0.2530919015407562,0.15839163959026337,5.852027893066406,0.9997122783850731,1.0887641906738281
1324,27,24,-60.132125,175.407481,0.21098563075065613,0.15771839022636414,3.3348159790039062,0.9997352114547227,1.3140289783477783
1350,28,0,123.996547,43.204707,0.23173604905605316,0.1551634967327118,6.002227783203125,0.9997273254635404,1.000146508216858
1374,28,24,120.017983,89.357356,0.27936211228370667,0.1647007167339325,8.76253890991211,0.999446580798208,0.0
1375,28,25,24.577654,-72.540162,0.21563121676445007,0.13820211589336395,9.876628875732422,0.9997813351240175,1.0706405639648438
1377,28,27,-95.069069,-164.647152,0.26947832107543945,0.20022037625312805,8.56954574584961,0.999590529561491,0.0
1378,28,28,5.690524,94.842719,0.1984202265739441,0.12891460955142975,2.1419944763183594,0.9997956234426993,0.01978234015405178
1387,28,37,135.835531,-100.911325,0.1978861540555954,0.14645805954933167,3.8773651123046875,0.9997317796398121,2.426886558532715
1399,28,49,43.128792,-54.379327,0.2132882922887802,0.1409737467765808,5.725833892822266,0.9998198580527032,1.000146508216858
1412,29,12,-15.14958,15.671007,0.2170495092868805,0.13843420147895813,7.922721862792969,0.9998373266463756,0.0
1419,29,19,123.608657,-123.452207,0.20647281408309937,0.16017016768455505,1.5653800964355469,0.9996816131195074,2.1612071990966797
1420,29,20,-78.400236,175.460467,0.31748202443122864,0.24692153930664062,4.837192535400391,0.999602517217086,3.0000267028808594
1428,29,28,-55.472812,94.200745,0.2871723473072052,0.17103838920593262,11.879375457763672,0.9995101217225768,1.000146508216858
1451,30,1,136.116077,-116.54535,0.22001634538173676,0.16836096346378326,2.8968467712402344,0.9996518696812584,1.301910400390625
1452,30,2,-31.323065,101.285247,0.24843434989452362,0.15598340332508087,8.870155334472656,0.9996645544379711,0.5297107696533203
1478,30,28,110.96113,35.671403,0.24486157298088074,0.1592041403055191,6.524562835693359,0.9996930399100455,0.6151669025421143
1487,30,37,7.273286,-44.531122,0.25484341382980347,0.150075763463974,8.546375274658203,0.9997654800481705,0.4837595522403717
1496,30,46,-67.605467,26.821341,0.22252200543880463,0.15042243897914886,3.6668472290039062,0.9997814923657646,1.2396999597549438
1504,31,4,-93.967773,55.067353,0.273543119430542,0.1715666949748993,8.721019744873047,0.9995966845339008,1.7205597162246704
1514,31,14,51.486946,63.2881,0.22022920846939087,0.14232102036476135,6.604778289794922,0.9997670366569484,0.0
1526,31,26,176.752232,27.848188,0.28978002071380615,0.2035747617483139,5.233837127685547,0.9995475012025596,2.1648266315460205
1544,31,44,-141.693928,29.321298,0.21310490369796753,0.14874890446662903,4.304584503173828,0.9997281327503591,1.2425379753112793
1548,31,48,-76.685963,172.913789,0.24106532335281372,0.1775226593017578,3.8990821838378906,0.9996777322629308,4.999985218048096
1556,32,6,-37.270704,58.203993,0.20902353525161743,0.14130082726478577,3.0340538024902344,0.9998172323019127,2.000075578689575
1564,32,14,-16.887931,178.28605,0.19954447448253632,0.1487109512090683,3.7656936645507812,0.999779511858123,1.999977707862854
1576,32,26,-154.312164,7.516538,0.20773115754127502,0.15331020951271057,4.63421630859375,0.9997435193059707,0.0
1584,32,34,-104.078122,87.936073,0.21106015145778656,0.1469278186559677,2.5273475646972656,0.999696030353127,1.000146508216858
1586,32,36,23.437704,87.238955,0.21163791418075562,0.1374622881412506,3.0497703552246094,0.9997658962220851,2.1835505962371826
1598,32,48,96.872898,91.154639,0.2289380133152008,0.15708471834659576,5.0332183837890625,0.9996820515179982,0.66910320520401
1608,33,8,-101.212893,16.736182,0.2664892077445984,0.16214124858379364,8.185371398925781,0.9995992714115728,2.9999613761901855
1614,33,14,89.885926,47.391782,0.32643255591392517,0.18342070281505585,11.7232666015625,0.9994933895334538,1.121521234512329
1619,33,19,128.881094,-54.128374,0.22587426006793976,0.154975026845932,4.4053802490234375,0.9997119868608847,2.1254117488861084
1637,33,37,-97.447078,-38.017934,0.2910413444042206,0.18043212592601776,6.403324127197266,0.9995771325112144,2.9999613761901855
1644,33,44,-40.852853,147.132568,0.18009218573570251,0.12980176508426666,2.0802078247070312,0.9997965475478885,1.999977707862854
1647,33,47,3.836607,-157.333068,0.20805230736732483,0.15429124236106873,2.6781272888183594,0.9997783676518506,1.7619197368621826
1657,34,7,-37.48825,-132.90476,0.1753218173980713,0.12216568738222122,2.1029434204101562,0.9998061071888624,0.642853319644928
1660,34,10,-21.780073,152.161138,0.24061688780784607,0.14869153499603271,8.688129425048828,0.9996743198977794,2.4492850303649902
1662,34,12,120.541184,103.149308,0.18720261752605438,0.13673655688762665,3.9551315307617188,0.9997295284878802,1.838879108428955
1681,34,31,-120.032284,-143.759753,0.21769027411937714,0.1607646942138672,2.9465293884277344,0.9996064690570763,0.0
1687,34,37,96.588113,-110.866799,0.17797178030014038,0.13660885393619537,1.3842010498046875,0.99979752757849,2.133591651916504
1694,34,44,105.758164,83.717688,0.2354932725429535,0.1511857956647873,6.269187927246094,0.9996314774922871,1.000146508216858
1701,35,1,-138.287739,-48.229053,0.24214337766170502,0.16316105425357819,3.806201934814453,0.9996544532739573,1.2354307174682617
1707,35,7,63.57901,-49.792416,0.2608526647090912,0.16547556221485138,8.693023681640625,0.9997084908225098,0.4068635106086731
1747,35,47,149.909296,-68.544838,0.230392187833786,0.16280514001846313,11.15877914428711,0.9996908794941072,0.7878302335739136
1749,35,49,-37.925363,-6.6001,0.298313707113266,0.17667853832244873,10.778778076171875,0.9996996285135799,0.41495874524116516
1767,36,17,90.078165,-140.085357,0.2370208203792572,0.15639911592006683,6.117450714111328,0.9996442713677753,1.27625572681427
1768,36,18,-175.977938,17.235327,0.2590835690498352,0.1782429814338684,12.283885955810547,0.9996534133830369,0.0
1770,36,20,63.662842,81.416619,0.2348751425743103,0.15396226942539215,5.486675262451172,0.9997121074953699,0.5151028633117676
1773,36,23,-139.297797,-95.258774,0.2278558760881424,0.17329345643520355,3.4997940063476562,0.9996344611226445,0.0
1779,36,29,120.472475,-40.545165,0.2605714797973633,0.15168339014053345,12.171867370605469,0.9996363991587314,1.2069071531295776
1780,36,30,-18.168632,36.301534,0.22081835567951202,0.13765601813793182,5.090930938720703,0.99982339713912,0.2065337896347046
1790,36,40,53.255381,45.331411,0.22573502361774445,0.13033823668956757,8.66375732421875,0.9997774472971216,0.01978234015405178
1797,36,47,-156.532747,-41.736941,0.23345229029655457,0.1616770327091217,3.6575965881347656,0.9996876270355423,0.7770768404006958
1803,37,3,121.377111,-116.851272,0.19257871806621552,0.14977896213531494,1.7171897888183594,0.9997352078023195,1.6178573369979858
1860,38,10,-106.548396,115.943286,0.18296895921230316,0.1356140822172165,5.196514129638672,0.9997406667658942,3.0714128017425537
1863,38,13,60.140664,-113.560471,0.19960686564445496,0.14179107546806335,3.269031524658203,0.9997509766774466,3.511399507522583
1869,38,19,-117.450879,-54.635927,0.2315301150083542,0.15630808472633362,5.291999816894531,0.9996765332905795,2.4063146114349365
1871,38,21,17.061259,-83.066509,0.19228892028331757,0.12649637460708618,5.589221954345703,0.9998165221369567,1.0826361179351807
1880,38,30,-144.68899,68.268658,0.20856964588165283,0.14639854431152344,3.610706329345703,0.99969162725229,1.000146508216858
1897,38,47,-0.866944,-66.821402,0.20542040467262268,0.1334216594696045,4.482597351074219,0.9998256789533111,0.01978234015405178
1907,39,7,134.63107,-40.559558,0.21708373725414276,0.14339801669120789,4.757373809814453,0.9997438385416874,0.7072058320045471
1916,39,16,-28.41236,178.177499,0.1908767819404602,0.14726439118385315,3.5542564392089844,0.9997964778985998,1.289374589920044
1945,39,45,-41.518948,-105.178869,0.1964072287082672,0.1310756504535675,6.891197204589844,0.9997787643745606,0.5446454286575317
1949,39,49,-162.297229,-154.794319,0.7705382108688354,0.5129414796829224,8.979246139526367,0.9942044071412914,1.3700220584869385
1954,40,4,-1.297938,146.449745,0.24226266145706177,0.15359379351139069,5.611396789550781,0.9996445370789093,1.7015737295150757
1977,40,27,-17.010213,-72.878345,0.22761037945747375,0.15012197196483612,4.425331115722656,0.9997732970644354,2.147033452987671
1978,40,28,74.546606,171.231016,0.2360493689775467,0.17201174795627594,3.161510467529297,0.9996702099041745,2.175828456878662
1985,40,35,-86.647324,-163.793231,0.24142199754714966,0.1820220947265625,2.0471458435058594,0.9996625298876334,1.000146508216858
1995,40,45,103.613695,-85.90143,0.212494358420372,0.15978474915027618,2.1973190307617188,0.9997192163884824,1.7015737295150757
2003,41,3,58.171165,-24.004539,0.26128047704696655,0.1508909910917282,9.50137710571289,0.9997361244763071,1.166675090789795
2016,41,16,-100.912258,57.388553,0.24716432392597198,0.16078037023544312,6.390132904052734,0.9996450646873606,2.096578359603882
2031,41,31,4.805181,-133.287531,0.18790093064308167,0.1335037350654602,2.826019287109375,0.9998143604010442,1.000146508216858
2047,41,47,25.00036,-110.790606,0.19489216804504395,0.1256456971168518,3.9160728454589844,0.9997810225165732,1.6773643493652344
2067,42,17,29.230466,-9.536981,0.25468412041664124,0.16744369268417358,4.3786163330078125,0.9997799771212467,1.0108500719070435
2071,42,21,103.502065,-123.05044,0.191591277718544,0.1498236358165741,1.57757568359375,0.9997528116599123,0.0
2108,43,8,-37.935196,165.201734,0.17832717299461365,0.13267524540424347,2.4574050903320312,0.9998116858859194,3.1206068992614746
2118,43,18,95.016191,31.480137,0.24648770689964294,0.16383354365825653,5.009925842285156,0.9996931204165621,2.574582576751709
2126,43,26,145.568734,82.054377,0.23567266762256622,0.16298779845237732,4.194988250732422,0.9996200047902403,0.9997551441192627
2139,43,39,105.851361,-59.260173,0.22425228357315063,0.15456245839595795,5.178474426269531,0.9996998252627446,1.1923896074295044
2159,44,9,3.067053,-168.392667,0.2369557023048401,0.1895497590303421,2.597370147705078,0.9997538991239925,1.000146508216858
2166,44,16,57.296002,8.74199,0.2043444663286209,0.13914823532104492,3.4253768920898438,0.9998381004479994,1.7360724210739136
2169,44,19,-7.86934,-28.287248,0.22703289985656738,0.15399807691574097,2.9918861389160156,0.9998302493753076,1.0529483556747437
2187,44,37,158.598162,-156.106268,0.34010303020477295,0.25068995356559753,3.0754966735839844,0.9990042404871705,1.3660168647766113
2197,44,47,-159.166018,-20.259598,0.2310389280319214,0.16405300796031952,5.172489166259766,0.9996853880163795,1.000146508216858
2200,45,0,-165.773826,59.112464,0.2542423605918884,0.1690465360879898,6.090328216552734,0.9996216383641783,0.9997551441192627
2214,45,14,81.836672,17.510721,0.24837525188922882,0.1432153582572937,18.708290100097656,0.9996947194237573,1.0826361179351807
2221,45,21,-137.711794,-78.539117,0.20461823046207428,0.15339012444019318,2.137237548828125,0.9997006825243636,1.8573048114776611
2234,45,34,65.611905,146.10241,0.21217678487300873,0.1400832086801529,3.9873886108398438,0.9997048351228406,2.1294596195220947
2246,45,46,88.135236,25.632723,0.242261603474617,0.15787166357040405,5.508354187011719,0.9997010222850772,3.343163013458252
2249,45,49,-26.516991,-167.455777,0.21181656420230865,0.1649913489818573,2.7066612243652344,0.9997585402343265,3.1003408432006836
2254,46,4,117.645946,69.277025,0.21163596212863922,0.14739607274532318,3.516387939453125,0.9996881120467561,1.999977707862854
2259,46,9,91.478425,-38.967017,0.3403381407260895,0.207763209939003,10.73715591430664,0.9994574341665143,1.999977707862854
2261,46,11,-134.683818,-27.620297,0.21892917156219482,0.15362252295017242,4.190937042236328,0.9997043635918758,1.000146508216858
2270,46,20,93.817525,63.272316,0.26561975479125977,0.16616977751255035,9.657649993896484,0.9996345419027897,1.532379150390625
2275,46,25,95.193226,-8.651716,0.2803330421447754,0.160453662276268,9.320415496826172,0.9995577588147614,1.99968421459198
2285,46,35,-42.879604,-26.054106,0.21024581789970398,0.14881961047649384,5.095497131347656,0.9998431799472899,0.25944316387176514
2287,46,37,4.434055,-112.485094,0.19444610178470612,0.12845543026924133,4.08245849609375,0.9997957290186885,0.0
2297,46,47,-9.899811,-32.485872,0.24260549247264862,0.15667636692523956,6.972896575927734,0.999800546105573,0.5211454033851624
2308,47,8,-138.272039,164.533358,0.5784096121788025,0.3643963038921356,10.388944625854492,0.9966142067349003,2.2070868015289307
2309,47,9,-69.015357,-16.245323,0.20458029210567474,0.1417730450630188,4.866874694824219,0.9998245644723563,1.2207714319229126
2314,47,14,118.520744,124.232096,0.1849370300769806,0.13930681347846985,3.575145721435547,0.999728360139632,0.9999507665634155
2334,47,34,174.71094,143.041772,0.4004617929458618,0.2737864851951599,6.060920715332031,0.9985254171165403,3.144604444503784
2338,47,38,3.65352,179.551097,0.19645507633686066,0.14005739986896515,5.352813720703125,0.9997355839020955,3.8381857872009277
2341,47,41,-161.386739,-58.681675,0.26003023982048035,0.1773926019668579,4.254245758056641,0.9996051717869826,0.0
2365,48,15,-65.097372,-44.490054,0.2216646820306778,0.13278496265411377,5.920692443847656,0.9997856721699278,1.000146508216858
2368,48,18,-147.729053,76.856638,0.21967948973178864,0.1548224240541458,3.816082000732422,0.9996551212319227,1.2829843759536743
2369,48,19,-85.964302,-155.856686,0.23630283772945404,0.17554688453674316,3.760326385498047,0.9996719625689032,1.301910400390625
2382,48,32,23.583373,12.525942,0.21054770052433014,0.14513210952281952,4.925373077392578,0.999855439588847,1.0936061143875122
2396,48,46,-6.881065,144.899938,0.22073258459568024,0.14521628618240356,5.5052032470703125,0.99972251316478,1.000146508216858
2400,49,0,-124.732029,79.110627,0.19081106781959534,0.13880707323551178,2.939533233642578,0.9997174148684238,1.2492916584014893
2407,49,7,13.09419,-19.997792,0.20545627176761627,0.14365613460540771,3.3939247131347656,0.9998593177050802,1.269028663635254
2415,49,15,0.079961,-179.246079,0.212145134806633,0.1554485559463501,3.563282012939453,0.9997383880499839,3.168173313140869
2436,49,36,-63.292899,68.949608,0.29171618819236755,0.1759330928325653,8.375740051269531,0.9995722104756722,2.2224631309509277
2438,49,38,140.503666,55.548629,0.21100451052188873,0.1517925262451172,3.1061248779296875,0.9997457518104964,0.0
2453,50,3,-102.546147,-9.888667,0.23600047826766968,0.15222527086734772,5.015903472900391,0.9996765478171799,1.142095685005188
2457,50,7,-75.019955,179.937895,0.21580862998962402,0.1533573865890503,6.541423797607422,0.9997068260488378,2.8426220417022705
2458,50,8,5.986644,11.257889,0.21811746060848236,0.14935699105262756,3.63531494140625,0.99984796328074,0.0
2461,50,11,-104.566676,-98.978606,0.19162234663963318,0.141910120844841,1.5969657897949219,0.9997642848610018,0.7192770838737488
2471,50,21,59.934158,-104.558923,0.2095026671886444,0.14605647325515747,2.382648468017578,0.9997444224515576,1.999977707862854
2475,50,25,117.756154,-98.577325,0.203569233417511,0.15420618653297424,3.9556427001953125,0.9997211747789042,1.5321236848831177
2502,51,2,67.885899,20.534949,0.203093484044075,0.13843350112438202,5.4127349853515625,0.9998264144440913,2.0317249298095703
2537,51,37,-5.50165,-165.672602,0.2195301651954651,0.16758525371551514,2.169849395751953,0.9997381747090899,0.7543328404426575
2538,51,38,105.560931,132.821512,0.19119106233119965,0.14412641525268555,2.036762237548828,0.9997255648346235,0.9997551441192627
2566,52,16,154.306076,66.572926,0.26915305852890015,0.17418164014816284,10.729598999023438,0.9995566653687439,2.1455745697021484
2570,52,20,30.351368,30.223415,0.2273133248090744,0.14363707602024078,4.865772247314453,0.9998054797423327,1.02316415309906
2605,53,5,-131.30702,-79.904974,0.2007906436920166,0.14852099120616913,2.163311004638672,0.999707753846665,1.999977707862854
2619,53,19,120.322402,-55.161672,0.24293042719364166,0.15880893170833588,6.468227386474609,0.9996481036094413,2.1172006130218506
2630,53,30,134.713095,47.65692,0.23557758331298828,0.16091197729110718,7.069080352783203,0.9996919799918451,0.0
2634,53,34,44.008198,48.622063,0.22471387684345245,0.13950414955615997,8.579872131347656,0.9997815875571623,2.0290257930755615
2640,53,40,-123.958519,110.33996,0.18772438168525696,0.13854961097240448,5.156681060791016,0.9997042737123294,2.426886558532715
2643,53,43,98.68036,-38.507905,0.30973291397094727,0.19012846052646637,5.670253753662109,0.9995392557555004,0.0
2644,53,44,-64.12124,91.147823,0.2624284625053406,0.16745007038116455,5.933460235595703,0.9995852829238377,0.0
2660,54,10,-73.2575,91.745692,0.25601741671562195,0.16758061945438385,6.6762237548828125,0.9995918137370278,0.9997551441192627
2670,54,20,59.012276,23.949363,0.1934652179479599,0.13250340521335602,2.699756622314453,0.9998475243764308,1.5445902347564697
2673,54,23,-59.388741,-80.734594,0.22995448112487793,0.151089146733284,3.0094146728515625,0.9997327979744446,0.5000684857368469
2678,54,28,176.089775,32.875644,0.330800324678421,0.24756893515586853,4.917747497558594,0.9995799312336068,1.301910400390625
2692,54,42,-125.249447,146.258353,0.22950980067253113,0.17369386553764343,2.3443984985351562,0.9995222872878979,1.3255939483642578
2699,54,49,72.811309,-72.508309,0.24509881436824799,0.15689346194267273,12.551971435546875,0.9996963788911494,0.5151028633117676
2706,55,6,63.629093,178.301145,0.36647698283195496,0.21487459540367126,6.606998443603516,0.9991270975345278,0.01978234015405178
2710,55,10,106.779987,3.827889,0.21739740669727325,0.1461631953716278,5.352912902832031,0.9997061382407038,1.9713952541351318
2734,55,34,104.811154,51.129709,0.27820688486099243,0.17789821326732635,14.493816375732422,0.9996017184649422,1.1705266237258911
2736,55,36,-94.127836,76.012909,0.24961744248867035,0.15895289182662964,5.53753662109375,0.9995976894499017,1.5966715812683105
2750,56,0,133.144944,131.25839,0.23545177280902863,0.17132973670959473,2.6172409057617188,0.9994766003784347,0.0
2764,56,14,-50.052788,128.101335,0.18404074013233185,0.1321789026260376,3.4380950927734375,0.9997784220203315,2.113036632537842
2778,56,28,87.599578,134.816785,0.21248723566532135,0.14403368532657623,10.585773468017578,0.9996788744137121,1.5321236848831177
2786,56,36,6.960114,179.349098,0.2079363763332367,0.14760681986808777,5.3166351318359375,0.9997031814189025,2.1612071990966797
2810,57,10,53.201367,109.968516,0.23765267431735992,0.1453086882829666,6.2670135498046875,0.9996545070011174,2.080554485321045
2815,57,15,34.303869,-146.883626,0.20686225593090057,0.14993971586227417,5.100147247314453,0.9997684327906481,1.000146508216858
2821,57,21,-35.49556,-7.719891,0.31577539443969727,0.1788177341222763,13.65985107421875,0.9996595108680282,0.9999507665634155
2835,57,35,107.145939,-37.766323,0.2539993226528168,0.1622307449579239,7.835853576660156,0.9996841690659757,0.9997551441192627
2839,57,39,89.458258,-105.861631,0.21271339058876038,0.1401851624250412,6.346282958984375,0.9997124754390626,1.221252202987671
2863,58,13,9.015116,-118.224221,0.225738063454628,0.13846053183078766,8.653636932373047,0.9997166489531983,2.3196747303009033
2876,58,26,-42.501117,173.12778,0.17922458052635193,0.13344106078147888,1.5879058837890625,0.999784869185141,1.9106979370117188
2885,58,35,-160.113953,-51.970384,0.24957555532455444,0.16914977133274078,4.714202880859375,0.9996392599655037,0.0
2888,58,38,-107.010564,15.628856,0.22641432285308838,0.1533069759607315,5.742420196533203,0.9996948389477371,0.5875080823898315
2894,58,44,88.829112,48.575336,0.3136999309062958,0.1814333200454712,8.887432098388672,0.9995324769045866,1.000146508216858
2907,59,7,92.493292,-53.14977,0.2532295882701874,0.1689608097076416,3.8008270263671875,0.9996679388006879,1.1490991115570068
2913,59,13,-16.951476,-29.351198,0.21385100483894348,0.14007529616355896,9.863578796386719,0.9998435239394611,0.5211454033851624
2918,59,18,117.30566,31.0936,0.209928959608078,0.14752204716205597,2.941143035888672,0.9997524944854542,1.1853117942810059
2925,59,25,-84.843155,-53.249998,0.25880053639411926,0.16593679785728455,5.73614501953125,0.9996792715129804,0.5151028633117676
2934,59,34,123.428257,23.460536,0.19388069212436676,0.14191000163555145,2.6113967895507812,0.9997706827889111,2.1898157596588135
2935,59,35,117.767525,-154.672537,0.36893442273139954,0.22916528582572937,9.460285186767578,0.9989355004052222,2.667851209640503
2941,59,41,-114.546487,-92.149681,0.23450443148612976,0.15750278532505035,3.527446746826172,0.9996292616457679,0.0
2944,59,44,-144.405867,78.386169,0.22136107087135315,0.1569972038269043,4.152153015136719,0.999640617771679,1.2829843759536743
2947,59,47,165.922733,-30.778681,0.2390097975730896,0.1691175103187561,4.244789123535156,0.9996797425090507,0.7661724090576172
2993,60,43,-60.154465,-75.697418,0.22610804438591003,0.14955607056617737,4.7075958251953125,0.9997459523410267,1.1145201921463013
3007,61,7,47.554051,-158.344499,0.2022906243801117,0.15270115435123444,1.9436988830566406,0.9997784117601568,1.256164789199829
3008,61,8,-133.594079,67.13243,0.18187056481838226,0.1256725937128067,3.8959426879882812,0.9997565728477851,1.256164789199829
3011,61,11,179.577759,-27.611218,0.28979501128196716,0.2130332589149475,6.769931793212891,0.9996173138030728,1.999977707862854
3016,61,16,-137.809049,20.246498,0.19395172595977783,0.14203938841819763,2.992237091064453,0.9997734219957509,2.1172006130218506
3023,61,23,14.864769,-88.23639,0.2014257311820984,0.1325572431087494,2.271129608154297,0.9997960223547984,0.0
3037,61,37,-106.131119,-94.1025,0.21697363257408142,0.15227141976356506,3.5787277221679688,0.9996952930926082,1.228441596031189
3040,61,40,-134.925264,80.660703,0.20510493218898773,0.14806534349918365,5.087924957275391,0.99967661721085,1.263155460357666
3044,61,44,-99.763291,122.208721,0.18516002595424652,0.13685497641563416,6.067626953125,0.9997490666208569,0.7770768404006958
3045,61,45,-144.244213,-59.232332,0.24645277857780457,0.1688576638698578,5.089267730712891,0.9996123354559809,3.3835608959198
3062,62,12,53.921495,7.162318,0.202891007065773,0.1410294622182846,3.2270278930664062,0.9998481075988758,0.8268522024154663
3073,62,23,-47.185883,-98.871457,0.22211946547031403,0.14283429086208344,4.115383148193359,0.9997217827178568,1.000146508216858
3076,62,26,-25.716018,28.191582,0.20424413681030273,0.13666647672653198,4.0671234130859375,0.9998511649888469,3.030087947845459
3085,62,35,-112.962259,-59.717513,0.24459178745746613,0.1676013022661209,8.889293670654297,0.9996298348985012,1.1994256973266602
3090,62,40,16.918947,56.619999,0.23078776895999908,0.13951562345027924,10.883781433105469,0.9997857830710454,0.3083765506744385
3096,62,46,-74.257139,27.019513,0.21764786541461945,0.14819824695587158,2.4886436462402344,0.999778332314822,1.000146508216858
3104,63,4,-111.972688,75.175703,0.22546188533306122,0.16079780459403992,4.556385040283203,0.999633034145829,1.228441596031189
3119,63,19,8.712862,-157.159241,0.20311257243156433,0.14980830252170563,4.257713317871094,0.999792076831288,1.000146508216858
3129,63,29,-41.219141,-175.902723,0.23016609251499176,0.17131507396697998,5.638500213623047,0.9997150396688896,1.927727460861206
3135,63,35,30.937906,-102.481328,0.18983720242977142,0.1274343580007553,2.897380828857422,0.9997970261830276,1.5895469188690186
3139,63,39,104.799584,-13.28377,0.21997633576393127,0.15377376973628998,2.9122314453125,0.9997299446758245,2.3053712844848633
3142,63,42,167.177523,59.049617,0.25697028636932373,0.17436376214027405,4.054378509521484,0.9996259353092997,0.9997551441192627
3145,63,45,-15.773663,-123.187773,0.1743696630001068,0.12019482254981995,6.022701263427734,0.9998284125086306,0.6016591787338257
3146,63,46,108.326637,122.003381,0.1973344087600708,0.14838866889476776,2.5130691528320312,0.9997064366812431,2.1455745697021484
3147,63,47,139.178811,-126.758474,0.23882895708084106,0.1838197112083435,2.6004104614257812,0.999543061797212,0.8570651412010193
3149,63,49,-131.461101,-65.104969,0.20322471857070923,0.14478744566440582,2.552104949951172,0.9997237434976166,0.0
3176,64,26,-52.411916,3.596664,0.2591889798641205,0.16720767319202423,6.784053802490234,0.9997518451632676,1.1023390293121338
3181,64,31,-68.439643,-41.936971,0.2719005346298218,0.1389118731021881,21.532318115234375,0.9996729559523986,1.2201299667358398
3186,64,36,29.975093,146.648896,0.1907232105731964,0.1327395886182785,3.3637847900390625,0.9997705453583109,0.6943615674972534
3190,64,40,128.307183,22.076564,0.189809188246727,0.13756625354290009,6.272678375244141,0.9997787166438434,1.1994256973266602
3200,65,0,-76.740162,38.95324,0.28417009115219116,0.17399033904075623,11.127452850341797,0.999626064834393,1.3149220943450928
3213,65,13,-50.158897,-24.853256,0.21813446283340454,0.1478387862443924,4.689361572265625,0.9998235739172723,1.0396698713302612
3226,65,26,35.528527,67.904284,0.22068148851394653,0.13119561970233917,11.263565063476562,0.9997648849261465,1.0706405639648438
3241,65,41,-8.92032,-123.473254,0.19076377153396606,0.12957561016082764,3.4225807189941406,0.9997981254622079,1.163315773010254
3244,65,44,-29.315409,100.234698,0.2408882975578308,0.15326115489006042,8.968147277832031,0.9996859501261205,1.8213415145874023
3251,66,1,169.271054,-43.184201,0.29963481426239014,0.1990303099155426,7.233100891113281,0.9995058420348297,2.559255599975586
3259,66,9,145.369521,-73.316309,0.22347848117351532,0.159572571516037,8.549175262451172,0.999690017492426,0.7878302335739136
3291,66,41,140.355234,-85.869762,0.20184844732284546,0.15160271525382996,1.8597145080566406,0.9997503149001187,0.7878302335739136
3316,67,16,-76.835777,154.579069,0.19475355744361877,0.1367873251438141,4.628852844238281,0.9997429990078918,2.1573097705841064
3324,67,24,-25.638572,141.576772,0.21263183653354645,0.1425795704126358,7.033256530761719,0.9997592265835206,1.7015737295150757
3336,67,36,-99.09964,18.033141,0.2485482096672058,0.15809591114521027,5.032989501953125,0.9996564503199642,1.1352216005325317
3342,67,42,116.456574,74.252959,0.20809857547283173,0.14481741189956665,3.581005096435547,0.9996938451155368,3.30049204826355
3345,67,45,-64.037826,-70.895092,0.22843259572982788,0.1522979736328125,3.079120635986328,0.9997421172857397,1.7836668491363525
3360,68,10,-67.531453,41.408781,0.24727998673915863,0.15632425248622894,6.795867919921875,0.9997286668353734,0.0
3361,68,11,-73.619267,-115.683705,0.19375388324260712,0.13686025142669678,3.995952606201172,0.9997543531478825,0.66910320520401
3378,68,28,50.870176,169.211427,0.2448652684688568,0.1716180145740509,3.861083984375,0.9995785316339239,1.2829843759536743
3383,68,33,59.772328,-80.592779,0.25036701560020447,0.16542716324329376,4.062900543212891,0.9996878418808336,0.9999507665634155
3399,68,49,60.260958,-118.397694,0.19201025366783142,0.13850080966949463,2.5943603515625,0.9997672235496716,1.6180992126464844
3404,69,4,-59.820294,158.954869,0.20543193817138672,0.14228476583957672,8.352828979492188,0.9997336654409884,1.2829843759536743
3419,69,19,125.270766,-74.035222,0.20061436295509338,0.1424679458141327,3.126190185546875,0.9997242120928868,1.7816909551620483
3425,69,25,-68.651482,-120.793691,0.19711880385875702,0.13952119648456573,3.496875762939453,0.9997372364553115,1.999977707862854
3426,69,26,6.687971,108.793438,0.19789302349090576,0.13420076668262482,1.9262809753417969,0.9997958848819047,2.0652592182159424
3429,69,29,-136.027336,-58.783618,0.22522644698619843,0.15213961899280548,4.598949432373047,0.99967206954128,1.000146508216858
3434,69,34,58.990082,75.380642,0.23010869324207306,0.14759279787540436,3.9624404907226562,0.9997319568922457,3.0400209426879883
3445,69,45,-177.780138,-18.229689,0.24684780836105347,0.16626150906085968,9.683525085449219,0.9996680037223936,2.1573097705841064
3455,70,5,33.687994,-126.460798,0.17639872431755066,0.12418294697999954,4.211879730224609,0.9998098416048531,1.5966715812683105
3458,70,8,17.14992,162.823087,0.17997339367866516,0.13423845171928406,2.1190643310546875,0.9997812558398899,1.2492916584014893
3473,70,23,-24.98412,-28.662144,0.21193943917751312,0.13611066341400146,12.058372497558594,0.9998406335397236,2.511467695236206
3476,70,26,-38.601084,65.467075,0.21806375682353973,0.1468614786863327,2.97869873046875,0.9997852735055509,1.5626027584075928
3487,70,37,62.079401,-157.861105,0.22574211657047272,0.17011235654354095,1.7244873046875,0.9997201970773264,0.0
3491,70,41,31.124127,-1.788273,0.23212923109531403,0.1502128541469574,5.288677215576172,0.9998238483516435,1.2425379753112793
3497,70,47,-4.244347,-84.856817,0.18736004829406738,0.129242941737175,2.7898101806640625,0.9998314186386763,1.000146508216858
3511,71,11,80.138571,-112.114345,0.1756071299314499,0.1297740340232849,2.378173828125,0.9998042301143514,0.6943615674972534
3525,71,25,-114.965931,-31.729202,0.2812449634075165,0.1723819375038147,7.850013732910156,0.9995534939296545,1.5966715812683105
3536,71,36,-159.15419,150.377904,0.5632849335670471,0.3778708279132843,11.108837127685547,0.9968246564064667,2.2070868015289307
3551,72,1,65.230266,-176.331947,0.27353426814079285,0.21144859492778778,2.6487655639648438,0.9996555401769771,2.1794233322143555
3556,72,6,-44.516298,52.804225,0.22842393815517426,0.14702728390693665,5.366359710693359,0.9997755428993804,1.075200080871582
3585,72,35,-44.313525,-93.007985,0.27184298634529114,0.15981867909431458,6.1072998046875,0.9995985421733028,1.1281319856643677
3587,72,37,147.053468,-30.992862,0.20585060119628906,0.14399807155132294,3.5790367126464844,0.9997674535372488,1.2354307174682617
3593,72,43,-4.471219,-27.501076,0.23338478803634644,0.15319883823394775,3.5223159790039062,0.9998192099830197,2.1456658840179443
3600,73,0,-57.725619,56.709033,0.23586226999759674,0.15558543801307678,4.338390350341797,0.9997476349797291,1.9363375902175903
3601,73,1,-57.261802,-65.065,0.20456252992153168,0.14005570113658905,3.2576828002929688,0.9998030930331139,0.8767032623291016
3611,73,11,136.772091,-93.254977,0.18599192798137665,0.13854184746742249,2.2646827697753906,0.9997745349636168,1.27625572681427
3612,73,12,-16.674891,178.587699,0.20268529653549194,0.15154868364334106,3.6755943298339844,0.9997733445724313,1.999977707862854
3638,73,38,164.03586,16.816039,0.2155671864748001,0.15601705014705658,4.572296142578125,0.9997321663505728,1.5092171430587769
3665,74,15,-118.314445,-129.389177,0.20278720557689667,0.14848318696022034,6.201930999755859,0.999671077716632,0.9999507665634155
3690,74,40,112.444364,150.615447,0.2032889723777771,0.15454226732254028,2.5178565979003906,0.9996717098611192,1.3140289783477783
3691,74,41,108.212122,-75.820044,0.235670268535614,0.16700990498065948,6.297492980957031,0.999630455740081,2.000075578689575
3700,75,0,-73.868263,155.482541,0.18786251544952393,0.13288971781730652,2.6015625,0.999763503357607,1.999977707862854
3703,75,3,97.687366,-127.96679,0.2018401175737381,0.15324832499027252,2.560924530029297,0.9997371329391797,1.2697995901107788
3706,75,6,49.093482,93.279944,0.29133012890815735,0.15100538730621338,10.225868225097656,0.9995280448856932,1.1281319856643677
3714,75,14,3.340737,48.428404,0.22192662954330444,0.1364305466413498,6.224765777587891,0.9998189319449375,0.7765730619430542
3724,75,24,-41.452025,102.169394,0.21483641862869263,0.14123699069023132,6.4780426025390625,0.9997498800464573,0.5446454286575317
3729,75,29,-112.18173,-135.126359,0.20905980467796326,0.15719853341579437,2.1851768493652344,0.9996675447236131,0.9999507665634155
3738,75,38,78.229695,140.375547,0.1822649985551834,0.1300659477710724,3.248821258544922,0.9997698129922489,1.2492916584014893
3748,75,48,-106.563534,151.197841,0.20537012815475464,0.14885997772216797,4.930980682373047,0.9996812570723921,1.3199723958969116
3761,76,11,-97.814355,-120.553053,0.2039259672164917,0.15211211144924164,2.695556640625,0.9997291174000879,1.256164789199829
3762,76,12,19.898798,81.250928,0.20178914070129395,0.13774792850017548,3.2169113159179688,0.9997968549045223,1.6902650594711304
3774,76,24,113.855934,111.641164,0.19181007146835327,0.14607015252113342,2.8163375854492188,0.9997176879446019,1.838879108428955
3776,76,26,-143.866536,71.076428,0.20925995707511902,0.14764979481697083,3.3609657287597656,0.9996847704074349,2.1455745697021484
3797,76,47,-116.363356,-23.002141,0.22573235630989075,0.14882144331932068,5.647792816162109,0.9996897801766093,1.5966715812683105
3812,77,12,-110.541158,140.145296,0.2055358737707138,0.15030303597450256,3.0502853393554688,0.999663782365886,1.000146508216858
3819,77,19,98.063152,-73.221165,0.24354080855846405,0.16546699404716492,5.052455902099609,0.9996402321801937,1.2857269048690796
3825,77,25,-64.920522,-91.573176,0.23557667434215546,0.15271569788455963,4.738079071044922,0.9997096798745441,0.5588314533233643
3834,77,34,59.630663,122.56138,0.19839289784431458,0.1302201896905899,5.569034576416016,0.9997469571782167,1.928336501121521
3838,77,38,112.403088,99.515872,0.20292909443378448,0.14628282189369202,7.294178009033203,0.9996996624031869,0.7433580756187439
3853,78,3,-72.402744,-33.402517,0.21609783172607422,0.13582412898540497,10.204116821289062,0.999787431440762,0.8134916424751282
3859,78,9,60.396886,-20.720814,0.2920492887496948,0.15564171969890594,12.693286895751953,0.999666349513895,1.0441772937774658
3866,78,16,60.728527,105.622911,0.2331431657075882,0.1490544229745865,5.88201904296875,0.999673820878412,2.080554485321045
3874,78,24,0.700307,113.049776,0.18944887816905975,0.13012613356113434,2.1281585693359375,0.9998145249067619,2.0765998363494873
3887,78,37,13.095356,-179.255278,0.22991029918193817,0.1682232916355133,2.6608047485351562,0.9996717168292509,1.289374589920044
3914,79,14,72.203199,82.963585,0.248015895485878,0.15438257157802582,5.512058258056641,0.9996785850128445,1.0893032550811768
3919,79,19,29.670194,-141.024601,0.2060076892375946,0.1449960470199585,6.813190460205078,0.9997657556258954,1.2069071531295776
3938,79,38,12.329636,166.036967,0.17514128983020782,0.13110704720020294,1.6003742218017578,0.9997940709030281,1.2492916584014893
3947,79,47,126.797691,-93.18937,0.18406684696674347,0.13643641769886017,3.2244834899902344,0.9997720748625584,1.2697995901107788
3969,80,19,-56.362577,-122.430052,0.1909361481666565,0.12871479988098145,3.617351531982422,0.999762362117766,2.104870080947876
3977,80,27,-27.204813,-144.192672,0.19811297953128815,0.13739575445652008,5.231666564941406,0.9997642115085622,1.2069071531295776
3989,80,39,-83.197394,-7.634335,0.24359013140201569,0.14887359738349915,10.153472900390625,0.9997010109769848,1.000146508216858
4005,81,5,-118.96866,-42.741207,0.2711024284362793,0.16762886941432953,10.116607666015625,0.9995929737387587,0.0
4015,81,15,13.995732,-146.180132,0.220693439245224,0.1525283306837082,5.491016387939453,0.9997337908122368,1.68097722530365
4016,81,16,-146.952909,119.772204,0.23679573833942413,0.18009327352046967,2.8431625366210938,0.9994958267612978,0.0
4040,81,40,-134.171463,17.297614,0.19893771409988403,0.14429473876953125,2.101268768310547,0.9997596062382338,1.000146508216858
4043,81,43,95.969366,-79.273087,0.2440798133611679,0.16069449484348297,7.753898620605469,0.999640776637005,0.642853319644928
4053,82,3,-102.66505,-17.709701,0.31102150678634644,0.1670369952917099,11.662029266357422,0.9994657680985841,1.999977707862854
4066,82,16,7.771241,163.489,0.18014003336429596,0.13546250760555267,1.4388694763183594,0.9997876160478444,1.000146508216858
4068,82,18,-82.668956,100.510965,0.2197207808494568,0.15413804352283478,3.4438705444335938,0.9996762337030541,2.000075578689575
4075,82,25,131.25966,-97.423785,0.19802451133728027,0.14803417026996613,4.516227722167969,0.9997313721874286,1.27625572681427
4078,82,28,158.614344,77.740882,0.3033921718597412,0.19233936071395874,10.266914367675781,0.999412255437556,2.1612071990966797
4099,82,49,144.384745,-29.820212,0.19487452507019043,0.13799013197422028,2.2822113037109375,0.9997910310991308,0.7192770838737488
4104,83,4,-132.682104,25.451575,0.19409213960170746,0.1406499743461609,3.4559097290039062,0.9997691690795139,0.6943615674972534
4112,83,12,-12.667153,11.437052,0.21864472329616547,0.13965553045272827,6.431419372558594,0.9998398931275441,1.5915155410766602
4116,83,16,-48.43801,78.319932,0.21406114101409912,0.13762705028057098,8.964286804199219,0.9997606749455077,0.01978234015405178
4130,83,30,4.87009,174.681233,0.2030307799577713,0.15282362699508667,7.040191650390625,0.9997488642364827,2.5327320098876953
4137,83,37,-13.910771,-149.114887,0.2147875726222992,0.14953024685382843,4.326877593994141,0.9997415423169251,2.420668840408325
4160,84,10,-69.635791,33.525534,0.24365532398223877,0.15412382781505585,6.674182891845703,0.9997315136557772,1.5626027584075928
4162,84,12,22.7007,153.594677,0.19260284304618835,0.13766929507255554,2.6719741821289062,0.9997703428732452,2.157944679260254
4175,84,25,29.535622,-152.552412,0.20701834559440613,0.15405064821243286,4.797523498535156,0.9997898489372296,1.7619197368621826
4209,85,9,-78.505659,-106.973717,0.20618638396263123,0.1459738165140152,3.375293731689453,0.999738694825438,1.639246940612793
4223,85,23,28.950827,-117.76924,0.16784122586250305,0.11904364079236984,3.726245880126953,0.9998336865848351,2.0884411334991455
4224,85,24,-150.572024,85.312702,0.2436484694480896,0.16342207789421082,3.6377716064453125,0.9995881866796757,0.9999507665634155
4241,85,41,-104.986065,-125.323142,0.2143721878528595,0.15823207795619965,4.7151947021484375,0.9996656064469007,0.7878302335739136
4251,86,1,100.615441,-62.867702,0.2253381907939911,0.15737730264663696,5.214939117431641,0.999699144929433,2.9999613761901855
4259,86,9,151.395333,-8.937976,0.21688523888587952,0.15968233346939087,3.375539779663086,0.9997338705076497,2.4916718006134033
4261,86,11,-114.916125,-41.049037,0.2878434658050537,0.17691528797149658,8.099960327148438,0.9995525455103806,2.000075578689575
4274,86,24,32.532698,135.184623,0.18540428578853607,0.13024955987930298,3.6246604919433594,0.9998045260221019,1.1994256973266602
4292,86,42,-9.323489,8.700433,0.2179591953754425,0.14634951949119568,4.2796783447265625,0.9998449098412425,0.2783624827861786
4298,86,48,117.587126,142.170181,0.20003435015678406,0.1492876410484314,2.1520767211914062,0.9996553466171513,1.6960443258285522
4303,87,3,33.037909,-178.007694,0.2598387598991394,0.19725947082042694,5.172534942626953,0.9996550687264162,0.0
4312,87,12,-66.88342,25.437732,0.22404064238071442,0.1510225087404251,4.818572998046875,0.9997807536659749,1.2207714319229126
4319,87,19,50.55015,-137.473515,0.2009790986776352,0.144981250166893,4.616222381591797,0.9997574185158047,0.0
4320,87,20,-150.336037,93.732288,0.24273206293582916,0.17389316856861115,3.075214385986328,0.9995893025756095,1.6578840017318726
4326,87,26,92.096723,25.451323,0.24927853047847748,0.16329994797706604,7.5893707275390625,0.9996772537586045,1.4249145984649658
4341,87,41,-107.383436,-6.47903,0.22233732044696808,0.14766287803649902,5.936775207519531,0.9996932984449634,1.1490991115570068
4343,87,43,111.796017,-139.580083,0.23290589451789856,0.16698558628559113,7.755489349365234,0.9995935059988275,1.301910400390625
4344,87,44,-126.464098,36.354304,0.20535458624362946,0.14248602092266083,3.966766357421875,0.9997608899393626,2.7782649993896484
4356,88,6,-123.379894,148.174479,0.2381473183631897,0.1766122579574585,3.2185287475585938,0.9994964651964454,0.01978234015405178
4364,88,14,-44.77863,100.533425,0.22216933965682983,0.14424237608909607,6.702465057373047,0.9997200207989938,1.489377498626709
4374,88,24,124.921118,11.920053,0.19849643111228943,0.14403775334358215,2.4609527587890625,0.9997588492961604,1.1923896074295044
4384,88,34,-136.719837,91.299746,0.22553245723247528,0.15554504096508026,4.233257293701172,0.9996318682585617,1.2829843759536743
4385,88,35,-101.128488,-157.488034,0.24569176137447357,0.17938360571861267,4.574169158935547,0.999618518176084,1.999977707862854
4394,88,44,58.715659,87.28009,0.23823650181293488,0.15108968317508698,5.426845550537109,0.9996923632359731,2.574582576751709
4401,89,1,-52.737729,-66.962802,0.21140578389167786,0.14358963072299957,4.100467681884766,0.9997875609094314,1.0826361179351807
4403,89,3,145.783095,-39.139205,0.20291639864444733,0.14409618079662323,2.9423484802246094,0.999779514334219,1.7816909551620483
4405,89,5,-115.505883,-2.812934,0.19660645723342896,0.13170967996120453,4.681774139404297,0.9997398073144131,1.1705266237258911
4406,89,6,110.44988,12.176016,0.18855051696300507,0.133624866604805,2.1550865173339844,0.9997843276950569,0.0
4419,89,19,137.811133,-20.347583,0.18317562341690063,0.13442090153694153,2.4866943359375,0.9998063597009504,2.4492850303649902
4429,89,29,-106.23052,-48.615821,0.3064292371273041,0.19820396602153778,7.846347808837891,0.9995111687056839,2.36281156539917
4440,89,40,-130.820153,59.778112,0.19014717638492584,0.13162732124328613,6.491920471191406,0.9997537656606079,1.4627294540405273
4441,89,41,-15.57525,-42.921183,0.23856306076049805,0.14149746298789978,7.036777496337891,0.9997947562534163,0.24228335916996002
4461,90,11,-154.532662,-102.43803,0.25330984592437744,0.19378075003623962,2.7681884765625,0.9995705444712251,3.9999775886535645
4487,90,37,68.157612,-149.793181,0.22153812646865845,0.16072027385234833,3.4524803161621094,0.9997197408836785,2.521501302719116
4489,90,39,-33.896916,-172.269135,0.202264204621315,0.15455470979213715,3.59722900390625,0.9997534700488475,3.108412742614746
4498,90,48,34.070778,102.475794,0.21824386715888977,0.13920380175113678,2.875263214111328,0.9997223166957567,0.5297107696533203
4532,91,32,-69.054728,120.915689,0.19826962053775787,0.13634416460990906,4.514301300048828,0.9997202266390501,1.3891712427139282
4547,91,47,88.893112,-13.035807,0.2183404117822647,0.14511476457118988,3.6198997497558594,0.999751618070434,0.46980583667755127
4549,91,49,-140.076366,-40.311102,0.2666204571723938,0.17447948455810547,9.180511474609375,0.9995862700280835,1.2354307174682617
4553,92,3,-23.058852,-164.975557,0.22333739697933197,0.16757555305957794,4.979560852050781,0.9997170588633586,1.000146508216858
4560,92,10,-114.873521,107.941922,0.17229962348937988,0.13131183385849,1.9011344909667969,0.9997650447383,2.153404951095581
4563,92,13,95.718256,-38.953058,0.2982631027698517,0.1880219429731369,5.109325408935547,0.9995854354349872,0.5446454286575317
4574,92,24,127.945408,91.804957,0.2702774703502655,0.16222995519638062,8.916919708251953,0.9994626984685628,2.1455745697021484
4578,92,28,3.159495,80.023493,0.1920498013496399,0.12836013734340668,4.821979522705078,0.9998239945788531,1.2201299667358398
4582,92,32,156.688778,47.599321,0.2272089570760727,0.16294978559017181,2.3967132568359375,0.9997092872825976,0.7661724090576172
4590,92,40,41.016895,18.126681,0.20966440439224243,0.14270463585853577,4.665554046630859,0.999842210646213,0.22468434274196625
4597,92,47,-70.112462,-2.535765,0.21898294985294342,0.14780224859714508,9.577545166015625,0.99980091006601,1.075200080871582
4601,93,1,-43.291961,-142.38687,0.20295393466949463,0.14119963347911835,6.339282989501953,0.9997422766461284,0.6943615674972534
4611,93,11,149.455051,-32.802858,0.21981394290924072,0.15206903219223022,4.907726287841797,0.9997342670967291,1.000146508216858
4619,93,19,88.030285,-82.641896,0.25331026315689087,0.16510048508644104,5.303829193115234,0.9996382317135551,2.0884411334991455
4624,93,24,-105.646366,108.010625,0.16078217327594757,0.11790446192026138,2.8494491577148438,0.9998022962472858,1.999977707862854
4630,93,30,171.047968,14.154758,0.23428690433502197,0.16711050271987915,5.207176208496094,0.9996984142816913,2.1455745697021484
4644,93,44,-82.881614,107.370143,0.20646914839744568,0.14179548621177673,7.8635711669921875,0.999702935160925,1.2140202522277832
4662,94,12,26.950708,1.9137,0.22827254235744476,0.14989544451236725,7.580532073974609,0.9998296306390952,1.6671831607818604
4664,94,14,-146.037666,37.381811,0.20520152151584625,0.14060887694358826,5.102149963378906,0.9997591116183409,0.7433580756187439
4675,94,25,97.251459,-12.334797,0.2448110282421112,0.15805375576019287,5.741905212402344,0.9996644375662461,0.0
4683,94,33,58.04548,-50.243132,0.2779057025909424,0.16265849769115448,15.6400146484375,0.9996726703212809,0.9999507665634155
4689,94,39,-118.113085,-129.56921,0.20551016926765442,0.1501706838607788,6.283977508544922,0.9996617956396212,0.9999507665634155
4698,94,48,54.216492,87.185337,0.24705232679843903,0.15102596580982208,6.670619964599609,0.9996686789102646,2.5268518924713135
4701,95,1,-83.130812,-72.557483,0.22742216289043427,0.15710648894309998,4.692485809326172,0.9997253495761158,1.1182012557983398
4707,95,7,153.674091,-17.996127,0.2336396872997284,0.15914858877658844,8.84627914428711,0.999689539616738,3.747633218765259
4710,95,10,109.666496,28.661396,0.21977397799491882,0.1476088911294937,5.021938323974609,0.9997312934693978,2.0818710327148438
4740,95,40,-106.96878,123.7655,0.18315044045448303,0.13765369355678558,7.186321258544922,0.9997428324099024,3.096170663833618
4750,96,0,63.641784,39.881988,0.21184778213500977,0.12958407402038574,9.346210479736328,0.9998051101711947,0.7491267919540405
4765,96,15,-42.168486,-37.870971,0.21243050694465637,0.14287124574184418,4.718639373779297,0.9998294121188839,1.5131019353866577
4772,96,22,-102.454657,146.228111,0.22436794638633728,0.1508590281009674,13.080390930175781,0.9996159821940159,1.999977707862854
4782,96,32,122.925849,61.315239,0.19513607025146484,0.1373734176158905,2.5964088439941406,0.9997508049407551,1.221252202987671
4787,96,37,135.030941,-32.852281,0.19392913579940796,0.13524186611175537,2.4766502380371094,0.9997914981608743,1.221252202987671
4790,96,40,158.13973,22.647707,0.23974928259849548,0.16063454747200012,10.706306457519531,0.999665819553673,2.1377155780792236
4810,97,10,102.415137,123.407044,0.20696008205413818,0.15302209556102753,5.426815032958984,0.9996898202534521,0.7661724090576172
4812,97,12,-24.656224,63.910845,0.19689665734767914,0.13271698355674744,5.636444091796875,0.9998322075350671,0.35881972312927246
4826,97,26,44.564839,69.435956,0.21342968940734863,0.1379002034664154,5.329643249511719,0.9997725526399838,1.000146508216858
4840,97,40,-96.36567,8.583823,0.28037363290786743,0.17382313311100006,5.269996643066406,0.9995581198249966,2.0598506927490234
4854,98,4,68.495713,9.57797,0.20761868357658386,0.1394151747226715,6.289081573486328,0.9998216242553302,0.3426406979560852
4863,98,13,41.548401,-170.844932,0.2424885332584381,0.1726704090833664,5.0549774169921875,0.9996281590955098,3.867967128753662
4866,98,16,16.751957,135.629209,0.17616620659828186,0.12599438428878784,1.8404884338378906,0.9998258754094627,1.1853117942810059
4870,98,20,82.761965,30.494968,0.2567419111728668,0.15287625789642334,14.609519958496094,0.9996777810623747,0.4383484423160553
4871,98,21,53.762253,-110.541935,0.20570532977581024,0.1407126784324646,2.576732635498047,0.9997439047079196,1.163315773010254
4875,98,25,97.393338,-91.876313,0.2220611721277237,0.15964964032173157,4.782329559326172,0.9996980942354635,1.2069071531295776
4904,99,4,-73.271913,4.786326,0.22027045488357544,0.14817480742931366,3.367115020751953,0.999790090116479,1.1236131191253662
4928,99,28,-87.260775,41.259149,0.3965620696544647,0.2057245820760727,14.162097930908203,0.9992408963497873,0.9999507665634155
4929,99,29,-35.110189,-65.030265,0.2176630049943924,0.1417466402053833,5.281803131103516,0.9997837284451321,1.0649595260620117
4952,100,2,-26.448326,10.780743,0.22211429476737976,0.14516250789165497,11.943599700927734,0.9998352966754398,1.161126971244812
4991,100,41,37.689042,-140.258931,0.19658972322940826,0.1429329663515091,4.493381500244141,0.9997796949338875,1.7015737295150757
